analysis_scope	selection_rule	endpoint	model_type	effect_measure	term	n_samples	n_participants	n_ibd	n_control	n_uc	n_cd	n_sites	n_model	effect	ci_lower	ci_upper	pvalue	status	model_formula
all_biopsies	all public biopsies with participant-level clustering	IBD versus control	unadjusted_gee	odds_ratio_per_1sd	axis_score_z	2490	1162	2029	461	872	1157	7	2490	1.1146452116383392	1.0928824630110865	1.1368413254661902	3.890710012941009e-27	modeled	ibd_vs_control ~ axis_score_z
all_biopsies	all public biopsies with participant-level clustering	IBD versus control	age_sex_site_adjusted_gee	odds_ratio_per_1sd	axis_score_z	2490	1162	2029	461	872	1157	7	2490	1.1561990940547588	1.124959830449897	1.1883058478260775	2.8869842264143546e-25	modeled	ibd_vs_control ~ axis_score_z + age_z + C(sex) + C(site)
all_biopsies	all public biopsies with participant-level clustering	endoscopic_severity_4levels	spearman_correlation	spearman_rho	axis_score	2024	916	2024	0	867	1157	7	2024	0.13891823036080705	0.09592782985570183	0.18139133642427147	3.465688799834142e-10	modeled	spearman(axis_score, ibd_endoseverity_num)
all_biopsies	all public biopsies with participant-level clustering	nancy_histology_index	spearman_correlation	spearman_rho	axis_score	1183	543	1183	0	403	780	7	1183	0.4080730915345211	0.35943709925189676	0.45449810544126484	1.0981202708828321e-48	modeled	spearman(axis_score, nancyindex)
all_biopsies	all public biopsies with participant-level clustering	ghas_histology_sum7	spearman_correlation	spearman_rho	axis_score	1183	543	1183	0	403	780	7	1183	0.4326242261036243	0.3851245979232141	0.4778377485900092	3.844594447659972e-55	modeled	spearman(axis_score, ghas_sum7)
all_biopsies	all public biopsies with participant-level clustering	mayo_score_uc	spearman_correlation	spearman_rho	axis_score	867	418	867	0	867	0	7	867	0.20140892243578168	0.13665965183248752	0.264444573066558	2.186327491106489e-09	modeled	spearman(axis_score, ibdmesuc_mayo_score)
all_biopsies	all public biopsies with participant-level clustering	sescd_total_cd	spearman_correlation	spearman_rho	axis_score	1157	498	1157	0	0	1157	7	1157	0.08698621205325069	0.02950105600492261	0.14389786475598493	0.0030641666973155735	modeled	spearman(axis_score, ibdsescd_totalsescd)
one_biopsy_per_participant	first_expression_order	IBD versus control	unadjusted_logistic	odds_ratio_per_1sd	axis_score_z	1162	1162	919	243	421	498	7	1162	1.678637898912114	1.4323784228767995	1.967235159829297	1.5608094326031516e-10	modeled	ibd_vs_control ~ axis_score_z
one_biopsy_per_participant	first_expression_order	IBD versus control	age_sex_site_adjusted_logistic	odds_ratio_per_1sd	axis_score_z	1162	1162	919	243	421	498	7	1162	1.631713534662432	1.358096051447087	1.9604571093212562	1.7097489139554216e-07	modeled	ibd_vs_control ~ axis_score_z + age_z + C(sex) + C(site)
one_biopsy_per_participant	first_expression_order	endoscopic_severity_4levels	spearman_correlation	spearman_rho	axis_score	916	916	916	0	418	498	7	916	0.13893962085434566	0.07483744489169125	0.20189826064563396	2.4450093037858187e-05	modeled	spearman(axis_score, ibd_endoseverity_num)
one_biopsy_per_participant	first_expression_order	nancy_histology_index	spearman_correlation	spearman_rho	axis_score	543	543	543	0	185	358	7	543	0.33164690973259037	0.2546065888488571	0.4045041001745946	2.087262476531868e-15	modeled	spearman(axis_score, nancyindex)
one_biopsy_per_participant	first_expression_order	ghas_histology_sum7	spearman_correlation	spearman_rho	axis_score	543	543	543	0	185	358	7	543	0.3388836590870194	0.2622153462138504	0.41130072141881374	4.658410838452928e-16	modeled	spearman(axis_score, ghas_sum7)
one_biopsy_per_participant	first_expression_order	mayo_score_uc	spearman_correlation	spearman_rho	axis_score	418	418	418	0	418	0	7	418	0.1092230452054677	0.013447085999178066	0.20301304904637124	0.025544461183409646	modeled	spearman(axis_score, ibdmesuc_mayo_score)
one_biopsy_per_participant	first_expression_order	sescd_total_cd	spearman_correlation	spearman_rho	axis_score	498	498	498	0	0	498	7	498	0.08300682335939387	-0.004897151478884207	0.16963779876438137	0.0641820103523208	modeled	spearman(axis_score, ibdsescd_totalsescd)
one_biopsy_per_participant	most_inflamed	IBD versus control	unadjusted_logistic	odds_ratio_per_1sd	axis_score_z	1162	1162	919	243	421	498	7	1162	1.823989719180674	1.5469068207573768	2.15070387629935	8.719303069304657e-13	modeled	ibd_vs_control ~ axis_score_z
one_biopsy_per_participant	most_inflamed	IBD versus control	age_sex_site_adjusted_logistic	odds_ratio_per_1sd	axis_score_z	1162	1162	919	243	421	498	7	1162	2.013363720309006	1.6391595991728356	2.472994986151497	2.5504351223399906e-11	modeled	ibd_vs_control ~ axis_score_z + age_z + C(sex) + C(site)
one_biopsy_per_participant	most_inflamed	endoscopic_severity_4levels	spearman_correlation	spearman_rho	axis_score	916	916	916	0	418	498	7	916	0.24239599685054486	0.18045366050124337	0.3024232434154036	1.0268011458042381e-13	modeled	spearman(axis_score, ibd_endoseverity_num)
one_biopsy_per_participant	most_inflamed	nancy_histology_index	spearman_correlation	spearman_rho	axis_score	543	543	543	0	185	358	7	543	0.35686917539858304	0.2811667913152307	0.4281575812106882	9.414644364398745e-18	modeled	spearman(axis_score, nancyindex)
one_biopsy_per_participant	most_inflamed	ghas_histology_sum7	spearman_correlation	spearman_rho	axis_score	543	543	543	0	185	358	7	543	0.36951363139518145	0.2945257712603316	0.4399789283143136	5.200782975382379e-19	modeled	spearman(axis_score, ghas_sum7)
one_biopsy_per_participant	most_inflamed	mayo_score_uc	spearman_correlation	spearman_rho	axis_score	418	418	418	0	418	0	7	418	0.27827894449388396	0.18736313780826577	0.3644675448677452	7.161617292823095e-09	modeled	spearman(axis_score, ibdmesuc_mayo_score)
one_biopsy_per_participant	most_inflamed	sescd_total_cd	spearman_correlation	spearman_rho	axis_score	498	498	498	0	0	498	7	498	0.16824502667970956	0.08158284157358671	0.2523822167830764	0.00016192610921148237	modeled	spearman(axis_score, ibdsescd_totalsescd)
one_biopsy_per_participant	least_inflamed	IBD versus control	unadjusted_logistic	odds_ratio_per_1sd	axis_score_z	1162	1162	919	243	421	498	7	1162	1.3039048211659623	1.1258011108984542	1.5101848507708506	0.00039819030813106557	modeled	ibd_vs_control ~ axis_score_z
one_biopsy_per_participant	least_inflamed	IBD versus control	age_sex_site_adjusted_logistic	odds_ratio_per_1sd	axis_score_z	1162	1162	919	243	421	498	7	1162	1.4070560535666365	1.1749600826511308	1.684999147725397	0.00020481076024330382	modeled	ibd_vs_control ~ axis_score_z + age_z + C(sex) + C(site)
one_biopsy_per_participant	least_inflamed	endoscopic_severity_4levels	spearman_correlation	spearman_rho	axis_score	916	916	916	0	418	498	7	916	-0.004090205787216578	-0.06884767126165493	0.060701583240006685	0.9016133288382095	modeled	spearman(axis_score, ibd_endoseverity_num)
one_biopsy_per_participant	least_inflamed	nancy_histology_index	spearman_correlation	spearman_rho	axis_score	543	543	543	0	185	358	7	543	0.3030152522899029	0.22459634407471454	0.37753463511732593	5.393005366170568e-13	modeled	spearman(axis_score, nancyindex)
one_biopsy_per_participant	least_inflamed	ghas_histology_sum7	spearman_correlation	spearman_rho	axis_score	543	543	543	0	185	358	7	543	0.336148297360669	0.2593382510714088	0.408732666538687	8.250008804781583e-16	modeled	spearman(axis_score, ghas_sum7)
one_biopsy_per_participant	least_inflamed	mayo_score_uc	spearman_correlation	spearman_rho	axis_score	418	418	418	0	418	0	7	418	0.08857140322181387	-0.007408369801213018	0.18293412374271895	0.07045401450653628	modeled	spearman(axis_score, ibdmesuc_mayo_score)
one_biopsy_per_participant	least_inflamed	sescd_total_cd	spearman_correlation	spearman_rho	axis_score	498	498	498	0	0	498	7	498	-0.08540483058792203	-0.17198246656728133	0.0024820523165172627	0.05683489296862899	modeled	spearman(axis_score, ibdsescd_totalsescd)
colorectal_sites	first_expression_order_within_colorectal_sites	IBD versus control	unadjusted_logistic	odds_ratio_per_1sd	axis_score_z	1078	1078	848	230	371	477	5	1078	1.744189071156445	1.469408819841564	2.0703533794424898	2.016331879662571e-10	modeled	ibd_vs_control ~ axis_score_z
colorectal_sites	first_expression_order_within_colorectal_sites	IBD versus control	age_sex_site_adjusted_logistic	odds_ratio_per_1sd	axis_score_z	1078	1078	848	230	371	477	5	1078	1.7816767123503139	1.46417398054004	2.1680291751671485	8.036808075650466e-09	modeled	ibd_vs_control ~ axis_score_z + age_z + C(sex) + C(site)
colorectal_sites	first_expression_order_within_colorectal_sites	endoscopic_severity_4levels	spearman_correlation	spearman_rho	axis_score	847	847	847	0	370	477	5	847	0.14682540580551762	0.08025538157161755	0.21209147635239947	1.7862612495366796e-05	modeled	spearman(axis_score, ibd_endoseverity_num)
colorectal_sites	first_expression_order_within_colorectal_sites	nancy_histology_index	spearman_correlation	spearman_rho	axis_score	515	515	515	0	176	339	5	515	0.40434361848588196	0.3294490396038498	0.47418165328071515	1.1195719710862345e-21	modeled	spearman(axis_score, nancyindex)
colorectal_sites	first_expression_order_within_colorectal_sites	ghas_histology_sum7	spearman_correlation	spearman_rho	axis_score	515	515	515	0	176	339	5	515	0.45479782705647465	0.3834619997379433	0.520739127454913	1.1791590139458562e-27	modeled	spearman(axis_score, ghas_sum7)
colorectal_sites	first_expression_order_within_colorectal_sites	mayo_score_uc	spearman_correlation	spearman_rho	axis_score	370	370	370	0	370	0	5	370	0.27117116518983164	0.17402689062422563	0.36308837402802524	1.170612869396722e-07	modeled	spearman(axis_score, ibdmesuc_mayo_score)
colorectal_sites	first_expression_order_within_colorectal_sites	sescd_total_cd	spearman_correlation	spearman_rho	axis_score	477	477	477	0	0	477	5	477	0.06683766055684656	-0.023084224353573553	0.15568675696151854	0.1449627444718093	modeled	spearman(axis_score, ibdsescd_totalsescd)
ileal_site	first_expression_order_within_ileum	IBD versus control	unadjusted_logistic	odds_ratio_per_1sd	axis_score_z	666	666	545	121	188	357	1	666	1.4930961702344059	1.2034960496529583	1.8523834575206988	0.00026876479355737926	modeled	ibd_vs_control ~ axis_score_z
ileal_site	first_expression_order_within_ileum	IBD versus control	age_sex_site_adjusted_logistic	odds_ratio_per_1sd	axis_score_z	666	666	545	121	188	357	1	666	1.4812093571717557	1.188723752189575	1.8456610762020629	0.000464750187669234	modeled	ibd_vs_control ~ axis_score_z + age_z + C(sex) + C(site)
ileal_site	first_expression_order_within_ileum	endoscopic_severity_4levels	spearman_correlation	spearman_rho	axis_score	543	543	543	0	186	357	1	543	0.08885691421570517	0.004746880166007195	0.17171851607226438	0.03846170120707674	modeled	spearman(axis_score, ibd_endoseverity_num)
ileal_site	first_expression_order_within_ileum	nancy_histology_index	spearman_correlation	spearman_rho	axis_score	380	380	380	0	118	262	1	380	0.32830654889045	0.23548054447303685	0.4151967362875814	5.32541427722428e-11	modeled	spearman(axis_score, nancyindex)
ileal_site	first_expression_order_within_ileum	ghas_histology_sum7	spearman_correlation	spearman_rho	axis_score	380	380	380	0	118	262	1	380	0.3475819085332005	0.25592753175063676	0.433042912932436	3.1277812952620433e-12	modeled	spearman(axis_score, ghas_sum7)
ileal_site	first_expression_order_within_ileum	mayo_score_uc	spearman_correlation	spearman_rho	axis_score	186	186	186	0	186	0	1	186	-0.045989373882822406	-0.188623214661914	0.09854466873892564	0.5330787667715147	modeled	spearman(axis_score, ibdmesuc_mayo_score)
ileal_site	first_expression_order_within_ileum	sescd_total_cd	spearman_correlation	spearman_rho	axis_score	357	357	357	0	0	357	1	357	0.10330351626406495	-0.000499465539328274	0.20490402630945664	0.05114779018273965	modeled	spearman(axis_score, ibdsescd_totalsescd)
uc_or_control	first_expression_order_within_uc_or_control	IBD versus control	unadjusted_logistic	odds_ratio_per_1sd	axis_score_z	664	664	421	243	421	0	7	664	1.3506277955023345	1.1451499215186258	1.5929752146027856	0.00035752483054694303	modeled	ibd_vs_control ~ axis_score_z
uc_or_control	first_expression_order_within_uc_or_control	IBD versus control	age_sex_site_adjusted_logistic	odds_ratio_per_1sd	axis_score_z	664	664	421	243	421	0	7	664	1.3149918208308267	1.0831300151441345	1.5964874619616778	0.005660358221868626	modeled	ibd_vs_control ~ axis_score_z + age_z + C(sex) + C(site)
uc_or_control	first_expression_order_within_uc_or_control	endoscopic_severity_4levels	spearman_correlation	spearman_rho	axis_score	418	418	418	0	418	0	7	418	0.1092230452054677	0.013447085999178066	0.20301304904637124	0.025544461183409646	modeled	spearman(axis_score, ibd_endoseverity_num)
uc_or_control	first_expression_order_within_uc_or_control	nancy_histology_index	spearman_correlation	spearman_rho	axis_score	185	185	185	0	185	0	7	185	0.32073889084063356	0.18502962453980182	0.44444416705153916	8.54239766188201e-06	modeled	spearman(axis_score, nancyindex)
uc_or_control	first_expression_order_within_uc_or_control	ghas_histology_sum7	spearman_correlation	spearman_rho	axis_score	185	185	185	0	185	0	7	185	0.31014161902051063	0.17363983381036344	0.43495115763017494	1.737450914525913e-05	modeled	spearman(axis_score, ghas_sum7)
uc_or_control	first_expression_order_within_uc_or_control	mayo_score_uc	spearman_correlation	spearman_rho	axis_score	418	418	418	0	418	0	7	418	0.1092230452054677	0.013447085999178066	0.20301304904637124	0.025544461183409646	modeled	spearman(axis_score, ibdmesuc_mayo_score)
uc_or_control	first_expression_order_within_uc_or_control	sescd_total_cd	spearman_correlation	spearman_rho	axis_score	0	0	0	0	0	0	0	0					not_modeled_low_n	spearman(axis_score, ibdsescd_totalsescd)
cd_or_control	first_expression_order_within_cd_or_control	IBD versus control	unadjusted_logistic	odds_ratio_per_1sd	axis_score_z	741	741	498	243	0	498	7	741	2.0869718082739976	1.7283098934361925	2.520063875738752	2.0591406630355058e-14	modeled	ibd_vs_control ~ axis_score_z
cd_or_control	first_expression_order_within_cd_or_control	IBD versus control	age_sex_site_adjusted_logistic	odds_ratio_per_1sd	axis_score_z	741	741	498	243	0	498	7	741	1.964510200444129	1.576345543961483	2.448257834351661	1.8320787588901188e-09	modeled	ibd_vs_control ~ axis_score_z + age_z + C(sex) + C(site)
cd_or_control	first_expression_order_within_cd_or_control	endoscopic_severity_4levels	spearman_correlation	spearman_rho	axis_score	498	498	498	0	0	498	7	498	0.10374340966300939	0.016021198285454875	0.1898807602954031	0.02058217807770822	modeled	spearman(axis_score, ibd_endoseverity_num)
cd_or_control	first_expression_order_within_cd_or_control	nancy_histology_index	spearman_correlation	spearman_rho	axis_score	358	358	358	0	0	358	7	358	0.3209098679875	0.22473279077789982	0.4108946305861696	5.105536635550385e-10	modeled	spearman(axis_score, nancyindex)
cd_or_control	first_expression_order_within_cd_or_control	ghas_histology_sum7	spearman_correlation	spearman_rho	axis_score	358	358	358	0	0	358	7	358	0.3378014536033831	0.24264502821920875	0.4265197049081937	5.271216442462044e-11	modeled	spearman(axis_score, ghas_sum7)
cd_or_control	first_expression_order_within_cd_or_control	mayo_score_uc	spearman_correlation	spearman_rho	axis_score	0	0	0	0	0	0	0	0					not_modeled_low_n	spearman(axis_score, ibdmesuc_mayo_score)
cd_or_control	first_expression_order_within_cd_or_control	sescd_total_cd	spearman_correlation	spearman_rho	axis_score	498	498	498	0	0	498	7	498	0.08300682335939387	-0.004897151478884207	0.16963779876438137	0.0641820103523208	modeled	spearman(axis_score, ibdsescd_totalsescd)
