dataset_id	endpoint	feature_level	n_features	n_samples	n_iter	seed	observed_or	observed_abs_log_or	random_or_median	random_or_p2_5	random_or_p97_5	empirical_p_twosided	percentile_extreme_direction
GSE73661	mucosal_healing	probe	33252	64	1000	20260807	0.52115	0.6517173707968058	0.9839332722299764	0.4588536139854547	2.1740033483490353	0.1118881118881118	0.057
GSE12251	wk8_endoscopic_histologic_healing	probe	54675	22	1000	20260807	0.274677	1.2921594170892172	1.0408495003546872	0.2542065836295006	4.0984828234036454	0.0629370629370629	0.029
GSE92415	week6_clinical_response	probe	54715	87	1000	20260807	0.749952	0.2877460744998684	0.9866645018714564	0.6279744878679635	1.5045792354820116	0.2177822177822178	0.127
GSE206285	week8_mucosal_healing	probe	54715	542	1000	20260807	0.562673	0.5750566366335211	1.0067660732927075	0.6205860025924569	1.5660974302065485	0.0109890109890109	0.006
GSE206285	week8_clinical_remission	probe	54715	550	1000	20260807	0.665193	0.4076780548696652	1.005949732181986	0.616549660457099	1.5865885040474044	0.0959040959040959	0.05
GSE23597	week8_response	probe	54675	45	1000	20260807	0.554221	0.5901917548135636	1.0755702396577589	0.4497295915553922	2.3761168424773533	0.1458541458541458	0.059
GSE23597	week30_response	probe	54675	45	1000	20260807	0.604487	0.5033751145348777	1.0409292078172374	0.550607385177795	2.0737200128590847	0.1218781218781218	0.041
GSE16879	infliximab_response	probe	54675	61	1000	20260807	0.193463	1.6426689992664023	0.9851896147818086	0.4569089408978217	2.138219636925807	0.0009990009990009	0.0
GSE193677	ibd_vs_control_one_per_participant	gene	25970	1162	1000	20260807	1.6786378989121142	0.5179826901027189	1.0188690382280892	0.6588117615455761	1.517944916279854	0.0199800199800199	0.012
