dataset_id	endpoint	signature_id	display_label	model_type	n	model_formula	term	effect_type	effect	ci_lower	ci_upper	pvalue	aic	availability_scope	llf	order
GSE193677	IBD versus control	barrier_injury_score	Epithelial barrier-injury score	age_sex_site_adjusted	1162	ibd_vs_control ~ barrier_injury_score_z + age_z + C(sex) + C(site)	barrier_injury_score_z	odds_ratio_per_1sd	1.631713534662432	1.358096051447087	1.960457109321256	1.709748913955422e-07	1042.919934646454	gene_level_rnaseq_matrix	-511.45996732322703	0
GSE193677	IBD versus control	mmp_injury	MMP injury module	age_sex_site_adjusted	1162	ibd_vs_control ~ mmp_injury_z + age_z + C(sex) + C(site)	mmp_injury_z	odds_ratio_per_1sd	1.8345561592000972	1.5133111604010143	2.223994898952016	6.485315057184699e-10	1028.19371548372	gene_level_rnaseq_matrix	-504.0968577418601	1
GSE193677	IBD versus control	tnf_inflammatory	TNF-centered inflammatory response	age_sex_site_adjusted	1162	ibd_vs_control ~ tnf_inflammatory_z + age_z + C(sex) + C(site)	tnf_inflammatory_z	odds_ratio_per_1sd	1.8686780287597171	1.5377653016084825	2.270800083417645	3.2271730450060096e-10	1026.4373088140237	gene_level_rnaseq_matrix	-503.2186544070119	2
GSE193677	IBD versus control	osm_osmr	OSM-OSMR inflammatory axis	age_sex_site_adjusted	1162	ibd_vs_control ~ osm_osmr_z + age_z + C(sex) + C(site)	osm_osmr_z	odds_ratio_per_1sd	1.669640371149992	1.406326075020706	1.9822564755708156	4.801257445844377e-09	1035.7927617372711	gene_level_rnaseq_matrix	-507.8963808686357	3
GSE193677	IBD versus control	hallmark_inflammatory_like	Broad inflammatory-response signature	age_sex_site_adjusted	1162	ibd_vs_control ~ hallmark_inflammatory_like_z + age_z + C(sex) + C(site)	hallmark_inflammatory_like_z	odds_ratio_per_1sd	1.6773463364731522	1.3827073089339128	2.034769552674996	1.539113183261107e-07	1040.9152379849943	gene_level_rnaseq_matrix	-510.45761899249726	4
GSE193677	IBD versus control	neutrophil_myeloid	Neutrophil/myeloid inflammatory signature	age_sex_site_adjusted	1162	ibd_vs_control ~ neutrophil_myeloid_z + age_z + C(sex) + C(site)	neutrophil_myeloid_z	odds_ratio_per_1sd	2.5503757051568634	2.0429978241678683	3.183760726766156	1.313181345783574e-16	983.1186610849865	gene_level_rnaseq_matrix	-481.5593305424932	5
GSE193677	IBD versus control	stromal_remodeling	Stromal remodeling signature	age_sex_site_adjusted	1162	ibd_vs_control ~ stromal_remodeling_z + age_z + C(sex) + C(site)	stromal_remodeling_z	odds_ratio_per_1sd	1.3883293745123708	1.183725430927573	1.6282985916958332	5.497089308785614e-05	1056.3269922284228	gene_level_rnaseq_matrix	-518.1634961142114	6
GSE193677	IBD versus control	junctional_complex	Junctional-complex module	age_sex_site_adjusted	1162	ibd_vs_control ~ junctional_complex_z + age_z + C(sex) + C(site)	junctional_complex_z	odds_ratio_per_1sd	1.62721827457774	1.34662516475126	1.9662779089746545	4.613250419691013e-07	1045.5889152761697	gene_level_rnaseq_matrix	-512.7944576380847	7
GSE193677	IBD versus control	upstream_regulatory	Upstream regulatory module	age_sex_site_adjusted	1162	ibd_vs_control ~ upstream_regulatory_z + age_z + C(sex) + C(site)	upstream_regulatory_z	odds_ratio_per_1sd	1.0144198996396998	0.8669815667960408	1.1869315014249944	0.85819819663185	1072.7973822186864	gene_level_rnaseq_matrix	-526.3986911093432	8
