dataset_id	endpoint	comparator_signature_id	n	base_model	joint_model	axis_effect	axis_ci_lower	axis_ci_upper	axis_pvalue	comparator_effect_joint	comparator_pvalue_joint	likelihood_ratio_p_for_axis_increment	status
GSE73661	mucosal_healing	tnf_inflammatory	64	mucosal_healing ~ comparator_score_z + C(treatment_family)	mucosal_healing ~ comparator_score_z + axis_score_z + C(treatment_family)	1.10517	0.461288	2.6478	0.822511			0.82174	modeled_existing_compact_inflammatory_comparator
GSE193677	IBD versus control	mmp_injury	1162	ibd_vs_control ~ mmp_injury_z + age_z + C(sex) + C(site)	ibd_vs_control ~ mmp_injury_z + barrier_injury_score_z + age_z + C(sex) + C(site)	1.0407853203993287	0.765847903826164	1.4144245583841297	0.7983955820211066	1.780660292628712	0.00015404981978685997	0.7983866522205882	modeled
GSE193677	IBD versus control	upstream_regulatory	1162	ibd_vs_control ~ upstream_regulatory_z + age_z + C(sex) + C(site)	ibd_vs_control ~ upstream_regulatory_z + barrier_injury_score_z + age_z + C(sex) + C(site)	2.9796882917975362	2.2075450932079694	4.021907567638025	9.70915745698769e-13	0.5075620788774861	8.886965212155042e-08	7.559950504167479e-15	modeled
GSE193677	IBD versus control	junctional_complex	1162	ibd_vs_control ~ junctional_complex_z + age_z + C(sex) + C(site)	ibd_vs_control ~ junctional_complex_z + barrier_injury_score_z + age_z + C(sex) + C(site)	1.4124191693126986	0.9980261813542344	1.9988733232779832	0.051317735110729075	1.213850658094223	0.27456020990745256	0.049293651295486844	modeled
GSE193677	IBD versus control	osm_osmr	1162	ibd_vs_control ~ osm_osmr_z + age_z + C(sex) + C(site)	ibd_vs_control ~ osm_osmr_z + barrier_injury_score_z + age_z + C(sex) + C(site)	1.1992490169945091	0.8996513101929275	1.598617362602272	0.21537881690628147	1.4748637503647861	0.003367553042692452	0.21343332626528447	modeled
GSE193677	IBD versus control	tnf_inflammatory	1162	ibd_vs_control ~ tnf_inflammatory_z + age_z + C(sex) + C(site)	ibd_vs_control ~ tnf_inflammatory_z + barrier_injury_score_z + age_z + C(sex) + C(site)	1.0412485891809986	0.7723038146801023	1.403849888946241	0.7909026813452125	1.8137577574376027	7.202705274386283e-05	0.79095209278542	modeled
GSE193677	IBD versus control	hallmark_inflammatory_like	1162	ibd_vs_control ~ hallmark_inflammatory_like_z + age_z + C(sex) + C(site)	ibd_vs_control ~ hallmark_inflammatory_like_z + barrier_injury_score_z + age_z + C(sex) + C(site)	1.30574782203655	0.9891621473626885	1.723658127536539	0.05969399031173419	1.3862858585415172	0.019936283521507937	0.05930141370901832	modeled
GSE193677	IBD versus control	stromal_remodeling	1162	ibd_vs_control ~ stromal_remodeling_z + age_z + C(sex) + C(site)	ibd_vs_control ~ stromal_remodeling_z + barrier_injury_score_z + age_z + C(sex) + C(site)	1.5740033978834511	1.2344996260311185	2.0068752102531615	0.0002527736983830184	1.0790743213996596	0.4771475167586533	0.00019171706333231974	modeled
GSE193677	IBD versus control	neutrophil_myeloid	1162	ibd_vs_control ~ neutrophil_myeloid_z + age_z + C(sex) + C(site)	ibd_vs_control ~ neutrophil_myeloid_z + barrier_injury_score_z + age_z + C(sex) + C(site)	0.8077971698845056	0.6176564843729063	1.0564711683322212	0.11904846973174175	2.945665152872475	2.369220533918895e-13	0.11875607480502147	modeled
