signature_id	display_label	category	direction	genes	rationale	interpretation_boundary
barrier_injury_score	Epithelial barrier-injury score	prespecified score	signed module mean	IPMK:-1;IPPK:-1;HDAC3:-1;NCOR1:-1;NCOR2:-1;MMP1:+1;MMP3:+1;MMP10:+1;MMP12:+1;MMP13:+1;TJP1:-1;OCLN:-1;CLDN2:+1	Prespecified score derived from IPMK-HDAC3-MMP barrier-axis biology and applied as a mucosal injury/remodeling readout in human bulk biopsies.	Not interpreted as pathway-specific HDAC3 activity, InsP6 exposure, protein localization, or barrier permeability.
mmp_injury	MMP injury module	score component	positive mean	MMP1:+1;MMP3:+1;MMP10:+1;MMP12:+1;MMP13:+1	Tests whether the clinical signal is dominated by matrix metalloproteinase-associated mucosal injury and tissue remodeling.	High signal may reflect stromal and myeloid inflammatory remodeling rather than epithelial-specific biology.
upstream_regulatory	Upstream regulatory module	score component	negative mean	IPMK:-1;IPPK:-1;HDAC3:-1;NCOR1:-1;NCOR2:-1	Tests the contribution of the upstream regulatory genes used to motivate the score.	Bulk mucosal expression may have limited dynamic range and does not measure enzyme activity or chromatin occupancy.
junctional_complex	Junctional-complex module	score component	signed mean	TJP1:-1;OCLN:-1;CLDN2:+1	Tests the junctional component of the prespecified score while preserving the injury-aligned CLDN2 direction.	CLDN2 is context-dependent and should not be treated as a generic tight-junction restoration marker.
osm_osmr	OSM-OSMR inflammatory axis	inflammatory comparator	positive mean	OSM:+1;OSMR:+1;IL6ST:+1;LIF:+1;LIFR:+1	Benchmarks the score against an established inflammatory nonresponse axis in IBD mucosa.	Comparator for signal overlap, not a replacement clinical assay.
tnf_inflammatory	TNF-centered inflammatory response	inflammatory comparator	positive mean	OSM:+1;TREM1:+1;TNF:+1;TNFRSF1B:+1;IL13RA2:+1;IL6:+1;IL1B:+1;CXCL8:+1	Benchmarks the score against a compact inflammatory-response comparator available in several cohorts.	Used to test independence from generic inflammation; gene availability differs by platform.
hallmark_inflammatory_like	Broad inflammatory-response signature	inflammatory comparator	positive mean	IL1B:+1;IL6:+1;TNF:+1;CXCL8:+1;CXCL1:+1;CXCL2:+1;CXCL10:+1;CCL2:+1;CCL3:+1;CCL4:+1;ICAM1:+1;SELE:+1;NFKBIA:+1;TNFAIP3:+1;PTGS2:+1;PLAUR:+1;SOD2:+1;TLR2:+1;RELB:+1;NFKB1:+1	Provides a broader inflammation comparator without claiming use of a licensed proprietary gene set.	Named as Hallmark-like because the analysis uses an openly documented compact gene list.
stromal_remodeling	Stromal remodeling signature	tissue-remodeling comparator	positive mean	COL1A1:+1;COL1A2:+1;COL3A1:+1;FAP:+1;VIM:+1;ACTA2:+1;POSTN:+1;FN1:+1;SPARC:+1;TIMP1:+1;TGFB1:+1;PDGFRB:+1	Tests whether associations track stromal remodeling and wound-repair programs common in inflamed IBD mucosa.	Bulk-expression comparator cannot assign patient-level cell fractions.
neutrophil_myeloid	Neutrophil/myeloid inflammatory signature	immune comparator	positive mean	S100A8:+1;S100A9:+1;FCGR3B:+1;CSF3R:+1;CXCR2:+1;MPO:+1;ELANE:+1;LCN2:+1;IL1B:+1;TREM1:+1;FCGR1A:+1	Tests whether the score behaves similarly to neutrophil/myeloid mucosal inflammation.	Bulk-expression comparator is not cell deconvolution.
